0, -7, nan, 1.000000
1, -10, -3.301689, 1.000000
2, -7, 0.024938, 1.000000
3, -7, 0.313818, 1.000000
4, -10, -0.278410, 1.000000
5, -116, -15.524695, 1.000000
6, -115, -19.268460, 1.000000
7, -112, -18.925063, 1.000000
8, -111, -17.442546, 1.000000
9, -11, -10.309815, 1.000000
10, -112, -10.548267, 1.000000
11, -98, -9.715181, 1.000000
12, -5, -5.824218, 1.000000
13, -96, -5.824507, 1.000000
14, -95, -5.653718, 1.000000
15, -114, -5.830925, 1.000000
16, -98, -5.525789, 1.000000
17, -96, -5.178720, 1.000000
18, -116, -5.162784, 1.000000
19, -117, -5.093038, 1.000000
20, -103, -4.494389, 1.000000
21, -112, -3.927285, 1.000000
22, -93, -2.882652, 1.000000
23, -102, -1.836543, 1.000000
24, -7, 0.665239, 1.000000
25, -96, 0.221754, 1.000000
26, -111, -0.468443, 1.000000
27, -114, -1.146289, 1.000000
0, -95, nan, 1.000000
1, -10, 85.146377, 1.000000
2, -109, -7.327689, 1.000000
3, -115, -16.147993, 1.000000
4, -7, 7.031115, 1.000000
5, -111, -2.270531, 1.000000
6, -94, -3.554683, 1.000000
7, -17, 2.613740, 1.000000
8, -10, 5.838971, 1.000000
9, -3, 7.538680, 1.000000
10, -110, 3.226334, 1.000000
11, -8, 4.567204, 1.000000
12, -97, 2.296856, 1.000000
13, -105, 0.558303, 1.000000
14, -114, -0.802800, 1.000000
15, -100, -1.379132, 1.000000
16, -96, -1.677426, 1.000000
17, -98, -1.898754, 1.000000
18, -16, -0.735420, 1.000000
19, -113, -1.254089, 1.000000
20, -115, -2.240128, 1.000000
21, -97, -1.596515, 1.000000
22, -111, -2.593181, 1.000000
23, -110, -3.673861, 1.000000
24, -100, -2.902462, 1.000000
25, -115, -3.863486, 1.000000
26, -3, -2.948951, 1.000000
27, -10, -1.056269, 1.000000
28, -12, 0.913124, 1.000000
29, -14, 2.980024, 1.000000
30, -10, 3.409277, 1.000000
31, -96, 4.085168, 1.000000
32, -13, 4.674194, 1.000000
33, -110, 3.612920, 1.000000
34, -93, 2.677704, 1.000000
35, -118, 1.575058, 1.000000
36, -17, 2.001292, 1.000000
37, -6, 2.428409, 1.000000
38, -112, 2.487165, 1.000000
39, -98, 1.369022, 1.000000
40, -112, 0.003699, 1.000000
41, -95, -0.840033, 1.000000
42, -112, -2.149682, 1.000000
43, -112, -3.441667, 1.000000
44, -100, -4.403957, 1.000000
45, -112, -5.781013, 1.000000
46, -108, -5.339844, 1.000000
47, -116, -4.951147, 1.000000
48, -112, -4.398047, 1.000000
49, -116, -3.761435, 1.000000
50, -98, -2.657800, 1.000000
51, -8, -1.492335, 1.000000
52, -110, -0.609790, 1.000000
53, -116, -1.214526, 1.000000
54, -120, -1.575232, 1.000000
55, -114, -2.211840, 1.000000
56, -102, -1.086725, 1.000000
57, -10, 1.650771, 1.000000
58, -1, 2.841863, 1.000000
59, -15, 3.897421, 1.000000
60, -8, 4.708116, 1.000000
61, -9, 5.612584, 1.000000
62, -113, 4.633341, 1.000000
63, -115, 3.628406, 1.000000
64, -112, 2.854517, 1.000000
65, -117, 1.849954, 1.000000
66, -111, 0.989340, 1.000000
67, -9, 1.478801, 1.000000
68, -97, 0.591475, 1.000000
69, -115, -0.620664, 1.000000
70, -8, -0.024576, 1.000000
71, -100, 0.540859, 1.000000
72, -99, -0.342588, 1.000000
73, -12, -0.107811, 1.000000
74, -102, -1.376221, 1.000000
75, -93, -2.444888, 1.000000
76, -112, -3.630502, 1.000000
77, -115, -3.388768, 1.000000
78, -110, -2.780118, 1.000000
79, -111, -2.232199, 1.000000
80, -98, -1.253242, 1.000000
81, -95, -0.117241, 1.000000
82, -8, 0.760450, 1.000000
83, -2, 1.519037, 1.000000
84, -5, 2.122579, 1.000000
85, -7, 2.467693, 1.000000
86, -97, 1.442774, 1.000000
87, -12, 3.233694, 1.000000
88, -94, 2.452181, 1.000000
89, -108, 1.199279, 1.000000
90, -17, 2.911423, 1.000000
91, -4, 3.371579, 1.000000
92, -116, 2.105085, 1.000000
93, -95, 2.541697, 1.000000
94, -103, 1.562734, 1.000000
95, -114, 0.570821, 1.000000
96, -12, 0.775513, 1.000000
97, -114, -0.671442, 1.000000
98, -8, -0.527368, 1.000000
99, -11, -0.600669, 1.000000
100, -112, -2.059974, 1.000000
101, -117, -3.529453, 1.000000
102, -108, -3.462414, 0.995000
103, -13, -1.796380, 0.990025
104, -96, -1.333387, 0.985075
105, -13, 0.418492, 0.980150
106, -115, -0.704357, 0.975249
107, -111, -0.392652, 0.970373
108, -106, -1.171844, 0.965521
109, -110, -2.204334, 0.960693
110, -113, -1.838469, 0.955890
111, -6, 0.414373, 0.951110
112, -98, -0.420844, 0.946355
113, -17, 0.204121, 0.941623
114, -116, -0.830726, 0.936915
115, -11, -0.528598, 0.932230
116, -99, -0.006786, 0.927569
117, -5, 0.370372, 0.922931
118, -93, 0.999933, 0.918316
119, -2, 2.994921, 0.913725
120, -97, 2.045598, 0.909156
121, -117, 0.694866, 0.904610
122, -96, -0.213262, 0.900087
123, -95, 0.372409, 0.895587
124, -113, -0.476573, 0.891109
125, -117, -0.054033, 0.886654
126, -6, 0.510731, 0.882220
127, -117, -0.605773, 0.877809
128, -7, -0.077481, 0.873420
129, -113, -1.282152, 0.869053
0, -112, nan, 1.000000
1, -110, 1.309555, 1.000000
2, -5, 53.268447, 1.000000
3, -97, 14.987939, 1.000000
4, -108, 2.165177, 1.000000
5, -112, -2.396168, 1.000000
6, -114, -4.000027, 1.000000
7, -114, -4.369936, 1.000000
8, -101, -3.352059, 1.000000
9, -94, -2.284185, 1.000000
10, -8, 2.306510, 1.000000
11, -115, 0.764563, 1.000000
12, -9, 3.306503, 1.000000
13, -8, 4.820198, 1.000000
14, -94, 3.530504, 1.000000
15, -7, 4.508861, 1.000000
16, -115, 2.974674, 1.000000
17, -113, 1.893583, 1.000000
18, -96, 1.348827, 1.000000
19, -8, 2.195966, 1.000000
20, -12, 2.576073, 1.000000
21, -96, 1.629494, 1.000000
22, -11, 3.536644, 1.000000
23, -115, 2.520288, 1.000000
24, -5, 2.932549, 1.000000
25, -111, 1.610104, 1.000000
26, -96, 0.467124, 1.000000
27, -112, -0.932510, 1.000000
28, -115, -2.176361, 1.000000
29, -7, -1.742037, 1.000000
30, -8, -0.098640, 1.000000
31, -14, -0.219510, 1.000000
32, -119, -0.320240, 1.000000
33, -108, -0.100502, 1.000000
34, -11, 0.301965, 1.000000
35, -109, 0.555510, 1.000000
36, -8, 0.701214, 1.000000
37, -111, -0.749262, 1.000000
38, -98, -1.756757, 1.000000
39, -116, -1.627984, 1.000000
40, -111, -1.333001, 1.000000
41, -113, -2.232264, 1.000000
42, -106, -1.675859, 1.000000
43, -121, -2.825896, 1.000000
44, -113, -2.110432, 1.000000
45, -14, -1.502437, 1.000000
46, -105, -2.097563, 1.000000
47, -8, -1.539050, 1.000000
48, -10, -1.223933, 1.000000
49, -114, -0.849041, 1.000000
50, -112, -0.290323, 1.000000
51, -12, 1.760618, 1.000000
52, -108, 0.778457, 1.000000
53, -113, -0.131409, 1.000000
54, -114, 0.492534, 1.000000
55, -111, -0.226129, 1.000000
56, -98, 0.828461, 1.000000
57, -96, 0.429359, 1.000000
58, -94, 0.237660, 1.000000
59, -94, -0.248218, 1.000000
60, -117, -1.018730, 1.000000
61, -17, -0.376114, 1.000000
62, -95, -0.895644, 1.000000
63, -112, -1.910057, 1.000000
64, -98, -2.602977, 1.000000
65, -12, -0.529091, 1.000000
66, -14, 0.078705, 1.000000
67, -8, 2.175584, 1.000000
68, -107, 2.825974, 1.000000
69, -113, 1.874675, 1.000000
70, -97, 1.198984, 1.000000
71, -107, 1.928278, 1.000000
72, -11, 2.662419, 1.000000
73, -98, 1.927668, 1.000000
74, -101, 1.114825, 1.000000
75, -11, 1.614910, 1.000000
76, -100, 0.879974, 1.000000
77, -117, -0.044701, 1.000000
78, -114, -0.859007, 1.000000
79, -14, -0.214988, 1.000000
80, -111, -1.445554, 1.000000
81, -107, -1.056888, 1.000000
82, -115, -1.874704, 1.000000
83, -110, -2.873266, 1.000000
84, -13, -2.252518, 1.000000
85, -16, -0.447099, 1.000000
86, -102, 0.109626, 1.000000
87, -112, 0.747415, 1.000000
88, -104, 0.091995, 1.000000
89, -109, -0.739591, 1.000000
90, -111, -1.340367, 1.000000
91, -97, -1.892491, 1.000000
92, -114, -1.183788, 1.000000
93, -5, -0.123637, 1.000000
94, -6, 0.727138, 1.000000
95, -11, 2.790745, 1.000000
96, -15, 3.376514, 1.000000
97, -103, 2.315563, 1.000000
98, -11, 2.612865, 1.000000
99, -98, 3.090213, 1.000000
100, -115, 1.907970, 1.000000
101, -112, 0.826337, 1.000000
102, -5, 1.162761, 0.995000
103, -99, 0.065302, 0.990025
104, -115, 0.266780, 0.985075
105, -10, 2.060971, 0.980150
106, -112, 1.049766, 0.975249
107, -106, -0.031463, 0.970373
108, -122, -1.232307, 0.965521
109, -96, -2.103101, 0.960693
110, -9, -1.773462, 0.955890
111, -8, -1.375033, 0.951110
112, -100, -2.699887, 0.946355
113, -13, -1.064709, 0.941623
114, -7, 0.634640, 0.936915
115, -9, 2.234389, 0.932230
116, -115, 2.248927, 0.927569
117, -113, 1.052985, 0.922931
118, -114, 1.321631, 0.918316
119, -6, 1.925835, 0.913725
120, -118, 0.514103, 0.909156
121, -110, -0.742160, 0.904610
122, -113, -0.356157, 0.900087
123, -96, -1.045744, 0.895587
124, -12, -0.784581, 0.891109
125, -113, -0.478369, 0.886654
126, -113, -1.609168, 0.882220
127, -95, -2.391498, 0.877809
128, -10, -2.243623, 0.873420
129, -107, -3.220583, 0.869053
130, -9, -1.412660, 0.864708
131, -22, 0.228596, 0.860384
132, -94, -0.598401, 0.856082
133, -110, -0.283396, 0.851802
134, -99, 0.426120, 0.847543
135, -23, 2.321104, 0.843305
136, -113, 1.281872, 0.839089
137, -9, 1.759727, 0.834893
138, -107, 0.666615, 0.830719
139, -117, 1.132416, 0.826565
140, -96, 0.287467, 0.822432
141, -108, -0.638417, 0.818320
142, -23, -0.401855, 0.814229
143, -9, 0.176595, 0.810157
144, -106, 0.567543, 0.806107
145, -8, 0.899315, 0.802076
146, -113, -0.421242, 0.798066
147, -104, -1.339389, 0.794075
148, -100, -0.844514, 0.790105
149, -18, -0.567363, 0.786154
150, -11, 1.212017, 0.782224
151, -12, 2.786160, 0.778313
152, -97, 1.996486, 0.774421
153, -96, 0.971522, 0.770549
154, -118, -0.222714, 0.766696
155, -96, 0.132596, 0.762863
156, -114, -1.087562, 0.759048
157, -5, 0.906515, 0.755253
158, -114, -0.217036, 0.751477
159, 0, 0.145902, 0.747719
160, -116, -1.012075, 0.743981
161, -11, -0.815570, 0.740261
162, -98, -0.669281, 0.736560
163, -10, 1.077517, 0.732877
164, -6, 1.347939, 0.729212
165, -93, 1.764125, 0.725566
166, -95, 0.617979, 0.721939
167, -111, -0.646229, 0.718329
168, -109, -1.798548, 0.714737
169, -109, -1.646134, 0.711164
170, -95, -1.042461, 0.707608
171, -114, -0.594830, 0.704070
172, -6, 0.212377, 0.700549
173, -106, -0.537305, 0.697047
174, -122, -1.848151, 0.693561
175, -7, -1.160533, 0.690094
176, -105, -2.290455, 0.686643
177, -9, -0.339668, 0.683210
178, -113, -1.593286, 0.679794
179, -98, -0.829257, 0.676395
180, -116, -2.020078, 0.673013
181, -108, -1.422074, 0.669648
182, -116, -2.171975, 0.666300
183, -124, -1.615274, 0.662968
184, -114, -0.678956, 0.659653
185, -4, 0.597806, 0.656355
186, -112, 0.170096, 0.653073
187, -96, -0.252195, 0.649808
188, -112, -0.902090, 0.646559
189, -117, -1.614306, 0.643326
190, -12, -0.585413, 0.640109
191, -95, -1.174657, 0.636909
192, -96, -0.098328, 0.633724
193, -113, -0.713545, 0.630556
194, -17, -0.197565, 0.627403
195, -12, 2.041101, 0.624266
196, -6, 2.840190, 0.621145
197, -116, 3.434175, 0.618039
198, -117, 2.533981, 0.614949
199, -119, 1.847800, 0.611874
200, -6, 2.520496, 0.608815
201, -113, 1.633732, 0.605770
202, -119, 0.527359, 0.602742
203, -95, -0.344422, 0.599728
204, -4, 0.189486, 0.596729
205, 4, 2.427649, 0.593746
206, -95, 1.519994, 0.590777
207, -118, 0.509060, 0.587823
208, -115, -0.686918, 0.584884
209, -96, -1.679743, 0.581959
210, -97, -1.049332, 0.579050
211, -118, -1.919578, 0.576154
212, -116, -2.738711, 0.573274
213, -96, -3.500914, 0.570407
214, -98, -2.808387, 0.567555
215, -117, -2.199130, 0.564717
216, -9, 0.211991, 0.561894
217, -93, -0.302308, 0.559084
218, -11, 0.300419, 0.556289
219, -96, -0.497383, 0.553508
220, -10, 1.685426, 0.550740
221, -97, 0.952718, 0.547986
222, -7, 1.364817, 0.545246
223, -5, 2.022659, 0.542520
224, -115, 2.411692, 0.539808
225, -95, 3.401728, 0.537108
226, -10, 4.172734, 0.534423
227, -118, 2.905898, 0.531751
228, -95, 2.014267, 0.529092
229, -11, 2.594694, 0.526447
230, -16, 2.966744, 0.523814
231, -114, 1.482117, 0.521195
232, -95, 0.287745, 0.518589
233, -116, -0.921688, 0.515996
234, -95, -1.825311, 0.513416
235, -96, -3.048148, 0.510849
236, -96, -2.605329, 0.508295
237, -97, -3.376253, 0.505754
238, -111, -3.037051, 0.503225
239, -123, -4.066638, 0.500709
240, -17, -2.176737, 0.498205
241, -111, -2.981095, 0.495714
242, -112, -2.367950, 0.493236
243, -11, -0.125644, 0.490769
244, -108, -0.993791, 0.488316
245, -115, -1.665762, 0.485874
246, -111, -0.905681, 0.483445
247, -107, -1.639804, 0.481027
248, -119, -2.200282, 0.478622
249, -5, 0.227939, 0.476229
250, -12, 2.479083, 0.473848
251, -113, 1.728310, 0.471479
252, -110, 1.321835, 0.469121
253, -7, 2.061068, 0.466776
254, -4, 3.017840, 0.464442
255, -109, 2.340536, 0.462120
256, -111, 1.634228, 0.459809
257, -12, 2.346330, 0.457510
258, -107, 1.360833, 0.455222
259, -110, 0.136002, 0.452946
260, -6, 2.061786, 0.450682
261, -110, 0.999517, 0.448428
262, -114, -0.131014, 0.446186
263, -7, 1.863968, 0.443955
264, -108, 0.870391, 0.441735
265, -5, 1.233459, 0.439527
266, -112, -0.032414, 0.437329
267, -109, -1.194541, 0.435142
268, -112, -2.578426, 0.432967
269, -111, -2.172577, 0.430802
270, -112, -1.721372, 0.428648
271, -111, -2.708968, 0.426505
272, -117, -3.723016, 0.424372
273, -14, -1.639530, 0.422250
274, -118, -0.989597, 0.420139
275, -119, -1.833439, 0.418038
276, -116, -2.659825, 0.415948
277, -7, -0.353713, 0.413868
278, -4, 0.481465, 0.411799
279, -6, 1.099600, 0.409740
280, -108, 1.750171, 0.407691
281, -12, 2.279198, 0.405653
282, -7, 2.680345, 0.403625
283, -7, 4.608245, 0.401606
284, -113, 3.419811, 0.399598
285, -5, 5.410261, 0.397600
286, -108, 4.235672, 0.395612
287, -6, 4.553141, 0.393634
288, -8, 4.659222, 0.391666
289, -6, 4.638760, 0.389708
290, -111, 2.943700, 0.387759
291, -113, 1.227970, 0.385821
292, -5, 0.967252, 0.383891
293, -4, 2.179996, 0.381972
294, -4, 1.728841, 0.380062
295, -6, 1.064084, 0.378162
296, -12, 0.200538, 0.376271
297, -12, 0.892272, 0.374390
298, -12, 1.633956, 0.372518
299, -108, 1.005059, 0.370655
300, -96, -0.921631, 0.368802
301, -100, -1.406763, 0.366958
302, -107, -1.772796, 0.365123
303, -100, -1.886134, 0.363297
304, -101, -3.555088, 0.361481
305, -99, -3.506547, 0.359674
306, -106, -5.050530, 0.357875
307, -120, -5.185140, 0.356086
308, -102, -4.904631, 0.354305
309, -107, -4.529460, 0.352534
310, -112, -5.734356, 0.350771
311, 0, -5.373043, 0.349017
312, -12, -3.651474, 0.347272
313, -14, -1.933581, 0.345536
314, -121, -1.735293, 0.343808
315, -100, -1.086825, 0.342089
316, -18, 0.797995, 0.340379
317, -98, 1.539126, 0.338677
318, -16, 3.566365, 0.336983
319, -24, 3.983758, 0.335298
320, -115, 3.162710, 0.333622
321, -110, 2.371504, 0.331954
322, -98, 1.657252, 0.330294
323, -98, 1.043633, 0.328643
324, -94, 0.466230, 0.326999
325, -95, -0.107612, 0.325364
326, -95, -0.802829, 0.323738
327, -88, -1.625469, 0.322119
328, -16, -1.176798, 0.320508
329, -96, -2.076918, 0.318906
330, -20, -1.995730, 0.317311
331, -112, -1.590998, 0.315725
332, -21, 0.094671, 0.314146
333, -118, 0.367206, 0.312575
334, -110, -0.777825, 0.311012
335, -14, -0.234868, 0.309457
336, -115, 0.039618, 0.307910
337, -108, -0.713632, 0.306371
338, -97, -0.007739, 0.304839
339, -14, 1.882209, 0.303315
340, -112, 0.922354, 0.301798
341, -114, 0.003068, 0.300289
342, 0, 0.922115, 0.298788
343, -94, 0.335294, 0.297294
344, -93, -0.171427, 0.295807
345, -95, -0.731701, 0.294328
346, -95, -1.286964, 0.292856
347, -111, -1.960016, 0.291392
348, -123, -1.636625, 0.289935
349, -96, -2.021888, 0.288486
350, -119, -1.538216, 0.287043
351, -120, -2.371033, 0.285608
352, -95, -1.395895, 0.284180
353, -101, -1.937190, 0.282759
354, -97, -2.311844, 0.281345
355, -17, -0.047144, 0.279938
356, -109, -0.683590, 0.278539
357, -94, -1.015360, 0.277146
358, -107, -1.375171, 0.275760
359, -94, -0.224925, 0.274382
360, -123, -0.915074, 0.273010
361, -97, -1.257452, 0.271645
362, -95, 0.227041, 0.270286
363, -7, 1.600239, 0.268935
364, -114, 1.341351, 0.267590
365, -111, 1.130443, 0.266252
366, -117, 0.857990, 0.264921
367, -116, 0.371871, 0.263596
368, -98, -0.036643, 0.262278
369, -99, -0.065677, 0.260967
370, -95, -0.393573, 0.259662
371, -12, 0.401190, 0.258364
372, -118, -0.078717, 0.257072
373, -94, -0.279599, 0.255787
374, -97, -0.467273, 0.254508
375, -8, 1.869516, 0.253235
376, -95, 1.507876, 0.251969
377, -11, 2.563233, 0.250709
378, -6, 3.350104, 0.249456
379, -120, 2.570734, 0.248208
380, -118, 1.397435, 0.246967
381, -93, 0.978486, 0.245733
382, -13, 1.747457, 0.244504
383, -95, 2.599413, 0.243281
384, -116, 1.591589, 0.242065
385, -95, 0.944290, 0.240855
386, -94, 0.179441, 0.239650
387, -94, -0.609108, 0.238452
388, -112, -1.397348, 0.237260
389, -94, -1.919864, 0.236074
390, -95, -2.393977, 0.234893
391, -6, -0.295599, 0.233719
392, -118, -1.479182, 0.232550
393, -14, -0.790864, 0.231387
394, -115, -1.716945, 0.230230
395, -98, -0.971378, 0.229079
396, -95, -1.414429, 0.227934
397, -95, -0.535182, 0.226794
398, -118, 0.213375, 0.225660
399, -117, -0.648817, 0.224532
400, -94, -1.167194, 0.223409
401, -94, -1.324196, 0.222292
402, -95, -0.213202, 0.221181
403, -94, -0.262850, 0.220075
404, -94, -0.652439, 0.218974
405, -10, 0.463079, 0.217880
406, -94, 0.255520, 0.216790
407, -112, -0.213643, 0.215706
408, -96, -0.704503, 0.214628
409, -96, -0.935169, 0.213555
410, -93, -1.132684, 0.212487
411, -112, -0.186773, 0.211424
412, -94, -0.607402, 0.210367
413, -117, 0.263130, 0.209315
414, -10, 1.217695, 0.208269
415, -95, 1.061491, 0.207227
416, -98, 0.908542, 0.206191
417, -94, 0.812797, 0.205160
418, -93, 0.373659, 0.204135
419, -10, 1.094192, 0.203114
420, -117, 0.484402, 0.202098
421, -118, -0.096960, 0.201088
422, -11, 0.865800, 0.200082
423, -96, 0.503929, 0.199082
424, -12, 1.349361, 0.198087
425, -119, 1.865315, 0.197096
426, -95, 1.562364, 0.196111
427, -11, 2.165186, 0.195130
428, -95, 1.686536, 0.194154
429, -94, 1.203744, 0.193184
430, -95, 0.759846, 0.192218
431, -112, -0.221482, 0.191257
432, -94, -0.661232, 0.190300
433, -112, -1.721074, 0.189349
434, -101, -0.934579, 0.188402
435, -120, -1.633461, 0.187460
436, -11, -0.791641, 0.186523
437, -18, -0.116423, 0.185590
438, -101, -0.723251, 0.184662
439, -94, 0.090223, 0.183739
440, -94, -0.661936, 0.182820
441, -97, -1.494156, 0.181906
442, -95, -0.647765, 0.180997
443, -94, -1.004978, 0.180092
444, -94, -0.031266, 0.179191
445, -121, -1.019904, 0.178295
446, -94, -1.229957, 0.177404
447, -95, -0.132884, 0.176517
448, -14, 0.923588, 0.175634
449, -95, 0.707280, 0.174756
450, -94, 0.498849, 0.173882
451, -94, 0.010516, 0.173013
452, -94, -0.211376, 0.172148
453, -98, -0.776038, 0.171287
454, -96, -1.153212, 0.170431
455, -114, -2.092026, 0.169578
456, -94, -1.045068, 0.168731
457, -95, 0.012395, 0.167887
458, -124, -0.542113, 0.167047
459, -95, -0.538131, 0.166212
460, -94, -0.521358, 0.165381
461, -95, -0.565756, 0.164554
462, -95, -0.579255, 0.163731
463, -14, 0.574875, 0.162913
464, -111, 0.220270, 0.162098
465, -94, -0.288964, 0.161288
466, -94, -0.415521, 0.160481
467, -13, 0.612571, 0.159679
468, -95, 1.612371, 0.158881
469, -94, 1.468168, 0.158086
470, -94, 1.334019, 0.157296
471, -116, 0.895803, 0.156509
472, -94, 0.802537, 0.155727
473, -11, 1.827154, 0.154948
474, -94, 1.566369, 0.154173
475, -95, 1.016632, 0.153402
476, -23, 1.775277, 0.152635
477, -94, 1.396012, 0.151872
478, -118, 0.215138, 0.151113
479, -95, -0.176780, 0.150357
480, -95, -0.550959, 0.149606
481, -113, -1.205422, 0.148857
482, -94, -1.560087, 0.148113
483, -100, -0.727275, 0.147373
484, -93, -1.204613, 0.146636
485, -114, -1.727510, 0.145903
486, -94, -1.937648, 0.145173
487, -120, -1.240753, 0.144447
488, -93, -1.295267, 0.143725
489, -93, -1.345574, 0.143006
490, -111, -1.647337, 0.142291
491, -95, -2.028174, 0.141580
492, -94, -2.087328, 0.140872
493, -94, -0.847856, 0.140168
494, -95, -0.799059, 0.139467
495, -95, -0.754305, 0.138769
496, -23, 1.444836, 0.138076
497, -94, 1.500543, 0.137385
498, -6, 2.436999, 0.136698
499, -95, 2.302356, 0.136015
500, -124, 1.764275, 0.135335
501, -95, 1.393350, 0.134658
502, -94, 1.307127, 0.133985
503, -95, 1.114141, 0.133315
504, -95, 1.015803, 0.132648
505, -94, 0.601889, 0.131985
506, -121, 0.097437, 0.131325
507, -123, -0.807964, 0.130668
508, -106, -1.049914, 0.130015
509, -118, -1.441210, 0.129365
510, -104, -1.865266, 0.128718
511, -93, -1.886954, 0.128075
512, -95, -1.938586, 0.127434
513, -94, -1.976366, 0.126797
514, -95, -2.030235, 0.126163
515, -95, -2.080556, 0.125532
516, -124, -1.425990, 0.124905
517, -100, -1.389506, 0.124280
518, -95, 0.111974, 0.123659
519, -94, 0.355504, 0.123040
520, -95, 0.127891, 0.122425
521, -97, 0.296193, 0.121813
522, -94, 0.508620, 0.121204
523, -95, 0.702763, 0.120598
524, -94, 0.912452, 0.119995
525, -94, 1.125429, 0.119395
526, -94, 0.912187, 0.118798
527, -95, 0.624223, 0.118204
528, -94, 0.560378, 0.117613
529, -20, 1.350792, 0.117025
530, -94, 1.170459, 0.116440
531, -96, 1.124259, 0.115858
532, -94, 1.060457, 0.115278
533, -119, 0.670648, 0.114702
534, -96, 0.625666, 0.114128
535, -20, 1.672785, 0.113558
536, -95, 1.075759, 0.112990
537, -94, 0.824221, 0.112425
538, -95, 0.628628, 0.111863
539, -121, 0.080052, 0.111304
0, -4, nan, 1.000000
1, -111, -106.386960, 1.000000
2, -119, -57.610346, 1.000000
3, -115, -33.994852, 1.000000
4, -17, -2.974021, 1.000000
5, -8, 7.675252, 1.000000
6, -125, -1.930928, 1.000000
7, -113, -4.768711, 1.000000
8, -111, -5.649405, 1.000000
9, -96, -4.978945, 1.000000
10, -97, -4.422301, 1.000000
11, -12, -0.646623, 1.000000
12, -109, -1.567272, 1.000000
13, -6, 0.849347, 1.000000
14, -9, 2.334083, 1.000000
15, -111, 1.020862, 1.000000
16, -102, 0.266150, 1.000000
17, -111, -0.420688, 1.000000
18, -10, 0.695308, 1.000000
19, -108, 0.098487, 1.000000
20, -12, 2.104073, 1.000000
21, -122, 0.871370, 1.000000
22, -7, 1.161211, 1.000000
23, -7, 1.361074, 1.000000
24, -8, 2.917846, 1.000000
25, -109, 3.178033, 1.000000
26, -7, 3.179907, 1.000000
27, -118, 1.615949, 1.000000
28, -115, 0.136471, 1.000000
29, -110, -1.039975, 1.000000
30, -108, -2.168887, 1.000000
31, -4, -0.451877, 1.000000
32, -113, -1.853935, 1.000000
33, -99, -1.415664, 1.000000
34, -113, -1.078136, 1.000000
35, -109, -2.133374, 1.000000
36, -13, -1.688632, 1.000000
37, -115, -2.978121, 1.000000
38, -117, -2.684701, 1.000000
39, -116, -3.763370, 1.000000
40, -10, -1.812003, 1.000000
41, -9, -1.584019, 1.000000
42, -109, -1.130013, 1.000000
43, -97, -0.349452, 1.000000
44, -97, 0.535507, 1.000000
45, -111, -0.221437, 1.000000
46, -8, 2.087069, 1.000000
47, -111, 1.184385, 1.000000
48, -10, 1.762134, 1.000000
49, -109, 0.833612, 1.000000
50, -116, -0.159932, 1.000000
51, -112, 0.567089, 1.000000
52, -11, 1.169471, 1.000000
53, -112, 0.389953, 1.000000
54, -113, -0.605181, 1.000000
55, -10, -0.049202, 1.000000
56, -99, 0.589521, 1.000000
57, -112, -0.433178, 1.000000
58, -97, -1.270318, 1.000000
59, -8, -0.862737, 1.000000
60, -111, -0.407068, 1.000000
61, -114, 0.165820, 1.000000
62, -109, -0.602804, 1.000000
63, -115, -1.272973, 1.000000
64, -6, -0.355375, 1.000000
65, -95, -1.058196, 1.000000
66, -18, 0.933479, 1.000000
67, -112, -0.025740, 1.000000
68, -17, 1.958420, 1.000000
69, -112, 1.033863, 1.000000
70, -7, 1.498337, 1.000000
71, -9, 1.849030, 1.000000
72, -113, 2.150751, 1.000000
73, -117, 0.954140, 1.000000
74, -8, 1.299159, 1.000000
75, -113, 1.623188, 1.000000
76, -113, 0.683912, 1.000000
77, -98, -0.214981, 1.000000
78, -8, 0.385364, 1.000000
79, -9, 2.230184, 1.000000
80, -8, 2.485211, 1.000000
81, -5, 2.575409, 1.000000
82, -112, 1.048563, 1.000000
83, -111, -0.571287, 1.000000
84, -11, 0.974390, 1.000000
85, -111, -0.314199, 1.000000
86, -100, -0.196544, 1.000000
87, -11, -0.174411, 1.000000
88, -6, 1.251318, 1.000000
89, -10, 1.107644, 1.000000
90, -8, 2.501888, 1.000000
91, -104, 2.492129, 1.000000
92, -4, 2.416349, 1.000000
93, -98, 0.785292, 1.000000
94, -108, 0.693357, 1.000000
95, -114, -0.992230, 1.000000
96, -10, -1.191637, 1.000000
97, -115, -2.802980, 1.000000
98, -4, -1.393344, 1.000000
99, -115, -1.592987, 1.000000
100, -9, -0.087304, 1.000000
101, -96, 0.225909, 1.000000
102, -113, -1.266057, 0.995000
103, -100, -2.559233, 0.990025
104, -115, -2.490395, 0.985075
105, -9, -2.340310, 0.980150
106, -110, -3.609591, 0.975249
107, -9, -2.011132, 0.970373
108, -17, -0.460467, 0.965521
109, -115, -0.354015, 0.960693
110, -112, -0.014985, 0.955890
111, -94, -0.790260, 0.951110
112, -113, -0.267112, 0.946355
113, -115, -1.081831, 0.941623
114, -96, -1.757379, 0.936915
115, -10, -1.331712, 0.932230
116, -121, -1.004502, 0.927569
117, -115, -2.074824, 0.922931
118, -115, -1.399529, 0.918316
119, -114, -2.297284, 0.913725
120, -95, -1.238739, 0.909156
121, -8, -0.187183, 0.904610
122, -98, -0.828155, 0.900087
123, -7, 0.019444, 0.895587
124, -116, -1.054773, 0.891109
125, -96, -0.173583, 0.886654
126, -12, 0.438261, 0.882220
127, -93, 1.343121, 0.877809
128, -110, 2.009529, 0.873420
129, -8, 2.728819, 0.869053
130, -115, 1.800691, 0.864708
131, -115, 1.149352, 0.860384
132, -113, 0.265125, 0.856082
133, -106, -0.543737, 0.851802
134, -7, 0.346732, 0.847543
135, -119, 0.853541, 0.843305
136, -116, -0.183660, 0.839089
137, -97, -0.862670, 0.834893
138, -98, -1.585501, 0.830719
139, -118, -2.609662, 0.826565
140, -112, -3.231102, 0.822432
141, -6, -0.943338, 0.818320
142, -97, -1.387975, 0.814229
143, -12, 0.822800, 0.810157
144, -112, -0.102715, 0.806107
145, -7, 0.782612, 0.802076
146, -112, 1.353013, 0.798066
147, -113, 0.784656, 0.794075
148, -114, -0.027599, 0.790105
149, -114, 0.772942, 0.786154
150, -114, 0.038869, 0.782224
151, -115, -0.716683, 0.778313
152, -7, 0.114416, 0.774421
153, -122, -0.754637, 0.770549
154, -95, 0.346867, 0.766696
155, -93, -0.157023, 0.762863
156, -111, -0.906409, 0.759048
157, -114, -1.406355, 0.755253
158, -114, -1.900673, 0.751477
159, -96, -2.421903, 0.747719
160, -10, -1.656941, 0.743981
161, -21, 0.478348, 0.740261
162, -110, -0.078823, 0.736560
163, -113, 0.683456, 0.732877
164, -16, 1.403536, 0.729212
165, -95, 2.507910, 0.725566
166, -117, 1.770173, 0.721939
167, -100, 1.270778, 0.718329
168, -116, 0.517917, 0.714737
169, -97, 0.031701, 0.711164
170, -10, 0.765992, 0.707608
171, -119, -0.225724, 0.704070
172, -116, 0.527316, 0.700549
173, -95, -0.074847, 0.697047
174, -96, -0.298871, 0.693561
175, -14, 0.673685, 0.690094
176, -113, -0.169116, 0.686643
177, -94, -0.784880, 0.683210
178, -97, -1.484313, 0.679794
179, -114, -2.149965, 0.676395
180, -7, 0.081185, 0.673013
181, -116, 0.584430, 0.669648
182, -97, 0.113812, 0.666300
183, -117, -0.726867, 0.662968
184, -116, -0.016474, 0.659653
185, -95, -0.101957, 0.656355
186, -8, 0.718845, 0.653073
187, -109, 0.189546, 0.649808
188, -112, -0.616182, 0.646559
189, -9, 0.348597, 0.643326
190, -103, 1.214167, 0.640109
191, -109, 0.419994, 0.636909
192, -22, 0.877011, 0.633724
193, -98, 0.452607, 0.630556
194, -12, 1.241148, 0.627403
195, -111, 1.781802, 0.624266
196, -11, 2.336142, 0.621145
197, -17, 2.950912, 0.618039
198, -14, 3.446849, 0.614949
199, -102, 2.286293, 0.611874
200, -9, 4.128666, 0.608815
201, -114, 2.745202, 0.605770
202, -111, 1.721783, 0.602742
203, -116, 0.316399, 0.599728
204, -13, 0.390687, 0.596729
205, -114, -0.784556, 0.593746
206, -12, 0.890883, 0.590777
207, -19, 0.874970, 0.587823
208, -121, -0.782158, 0.584884
209, -7, 0.835342, 0.581959
210, -113, -0.546329, 0.579050
211, -6, -0.469398, 0.576154
212, -6, 0.806473, 0.573274
213, -7, 0.862230, 0.570407
214, -14, 2.031749, 0.567555
215, -6, 1.755332, 0.564717
216, -107, 1.451306, 0.561894
217, -5, 2.648498, 0.559084
218, -7, 3.863061, 0.556289
219, -109, 2.202178, 0.553508
220, -7, 3.492363, 0.550740
221, -108, 1.667491, 0.547986
222, -110, -0.138522, 0.545246
223, -3, -0.490406, 0.542520
224, -5, 0.575232, 0.539808
225, -8, -0.001078, 0.537108
226, -107, -0.546069, 0.534423
227, -108, -1.075554, 0.531751
228, -7, -1.632293, 0.529092
229, -7, -0.565947, 0.526447
230, -8, -1.185050, 0.523814
231, -115, -1.794992, 0.521195
232, -108, -2.159354, 0.518589
233, -109, -2.387008, 0.515996
234, -8, -1.130370, 0.513416
235, -111, -1.218765, 0.510849
236, -10, -1.307989, 0.508295
237, -108, -1.335646, 0.505754
238, -12, 0.133267, 0.503225
239, -5, 0.093002, 0.500709
240, -116, -0.082634, 0.498205
241, -2, -0.066526, 0.495714
242, -13, -0.391625, 0.493236
243, -6, 0.936249, 0.490769
244, -8, 2.205115, 0.488316
245, -109, 1.984745, 0.485874
246, -6, 1.838205, 0.483445
247, -5, 1.531984, 0.481027
248, -109, 1.174174, 0.478622
249, -11, 2.381694, 0.476229
250, -13, 3.549035, 0.473848
251, -109, 1.655717, 0.471479
252, -111, -0.174594, 0.469121
253, -6, -0.507465, 0.466776
254, -5, 0.608384, 0.464442
255, -116, -1.478144, 0.462120
256, -107, -1.844177, 0.459809
257, -12, -2.237376, 0.457510
258, -108, -2.639285, 0.455222
259, -13, -1.433451, 0.452946
260, -109, -3.349692, 0.450682
261, -109, -3.469805, 0.448428
262, -6, -2.131787, 0.446186
263, -7, -0.706289, 0.443955
264, -6, 0.705712, 0.441735
265, -7, 0.500849, 0.439527
266, -110, 0.300644, 0.437329
267, -110, 0.273524, 0.435142
268, -110, -1.250576, 0.432967
269, -113, -1.244682, 0.430802
270, -122, -1.258237, 0.428648
271, -113, -2.493433, 0.426505
272, -8, -2.267982, 0.424372
273, -6, -0.496505, 0.422250
274, -10, 1.238371, 0.420139
275, -115, -0.269724, 0.418038
276, -6, -0.095102, 0.415948
277, -6, 1.440051, 0.413868
278, -5, 1.457279, 0.411799
279, -108, 1.347233, 0.409740
280, -7, 1.305126, 0.407691
281, -7, 1.123091, 0.405653
282, -9, 2.372017, 0.403625
283, -11, 3.595882, 0.401606
284, -7, 4.889484, 0.399598
285, -5, 6.191797, 0.397600
286, -95, 4.575789, 0.395612
287, -9, 4.164210, 0.393634
288, -6, 3.654464, 0.391666
289, -96, 1.661864, 0.389708
290, -97, -0.518907, 0.387759
291, -96, -2.580862, 0.385821
292, -122, -3.395566, 0.383891
293, -8, -2.371175, 0.381972
294, -10, -1.423293, 0.380062
295, -117, -3.664032, 0.378162
296, -111, -4.103300, 0.376271
297, -111, -4.381734, 0.374390
298, -102, -4.359659, 0.372518
299, -14, -4.558727, 0.370655
300, -112, -4.698511, 0.368802
301, -13, -3.260963, 0.366958
302, -112, -3.276271, 0.365123
303, -112, -3.151504, 0.363297
304, -108, -2.769858, 0.361481
305, -105, -2.165160, 0.359674
306, -3, -1.371451, 0.357875
307, -6, 0.590180, 0.356086
308, -9, 2.570436, 0.354305
309, -2, 3.231992, 0.352534
310, -8, 3.651158, 0.350771
311, -7, 3.960808, 0.349017
312, -113, 2.200616, 0.347272
313, -112, 2.247791, 0.345536
314, -5, 3.945080, 0.343808
315, -5, 3.950985, 0.342089
316, -8, 3.839655, 0.340379
317, -9, 3.557742, 0.338677
318, -12, 3.227361, 0.336983
319, -7, 4.217542, 0.335298
320, -6, 3.672022, 0.333622
321, -12, 4.450980, 0.331954
322, -6, 3.738366, 0.330294
323, -11, 2.806468, 0.328643
324, -6, 1.845912, 0.326999
325, -5, 0.794449, 0.325364
326, -13, 1.100566, 0.323738
327, -10, 1.405530, 0.322119
328, -118, 0.136748, 0.320508
329, -105, -0.668342, 0.318906
330, -10, -0.068026, 0.317311
331, -4, 0.636388, 0.315725
332, -94, -1.630189, 0.314146
333, -103, -4.030222, 0.312575
334, -7, -3.394732, 0.311012
335, -115, -4.285988, 0.309457
336, -118, -5.105968, 0.307910
337, -12, -4.267088, 0.306371
338, -98, -4.688480, 0.304839
339, -7, -3.605122, 0.303315
340, -110, -3.979342, 0.301798
341, -96, -4.081865, 0.300289
342, -12, -2.769186, 0.298788
343, -11, -1.511932, 0.297294
344, -94, -1.376065, 0.295807
345, -95, -1.098582, 0.294328
346, -96, -0.820917, 0.292856
347, -121, -0.732672, 0.291392
348, -94, -1.788447, 0.289935
349, -94, -2.679446, 0.288486
350, -94, -2.090758, 0.287043
351, -12, -0.104360, 0.285608
352, -106, -0.875191, 0.284180
353, -114, -1.887781, 0.282759
354, -111, -1.322518, 0.281345
355, -108, -2.263071, 0.279938
356, -116, -3.371042, 0.278539
357, -9, -1.291092, 0.277146
358, -111, -2.010753, 0.275760
359, -10, 0.159248, 0.274382
360, -10, 0.709902, 0.273010
361, -112, -0.117053, 0.271645
362, -118, 0.316332, 0.270286
363, -5, 2.532461, 0.268935
364, -122, 1.755229, 0.267590
365, -11, 2.594889, 0.266252
366, -108, 1.899393, 0.264921
367, -113, 0.752457, 0.263596
368, -4, 1.587990, 0.262278
369, -6, 2.249969, 0.260967
370, -4, 2.809859, 0.259662
0, -118, nan, 1.000000
1, -6, 111.629497, 1.000000
2, -6, 55.995523, 1.000000
3, -96, 6.598454, 1.000000
4, -7, 13.236286, 1.000000
5, -96, 0.469112, 1.000000
6, -118, -6.505992, 1.000000
7, -106, -7.886976, 1.000000
8, -94, -7.208953, 1.000000
9, -110, -7.351368, 1.000000
10, -122, -7.643245, 1.000000
11, -9, -3.168714, 1.000000
12, -114, -3.819002, 1.000000
13, -104, -3.828917, 1.000000
14, -117, -4.064634, 1.000000
15, -108, -3.928160, 1.000000
16, -119, -3.975251, 1.000000
17, -104, -3.683118, 1.000000
18, -114, -3.564884, 1.000000
19, -114, -3.425216, 1.000000
20, -117, -4.277275, 1.000000
21, -10, -1.840002, 1.000000
22, -15, 0.550916, 1.000000
23, -110, 0.176231, 1.000000
24, -112, 1.187747, 1.000000
25, -96, 1.177237, 1.000000
26, -5, 2.124279, 1.000000
27, -117, 1.492319, 1.000000
28, -120, 1.020355, 1.000000
29, -116, 0.384137, 1.000000
30, -10, 1.076682, 1.000000
31, -106, 2.019549, 1.000000
32, -8, 2.849244, 1.000000
33, -98, 2.395643, 1.000000
34, -114, 1.493064, 1.000000
35, -115, 0.717325, 1.000000
36, -98, 0.033640, 1.000000
37, -112, -0.657584, 1.000000
38, -14, -0.088256, 1.000000
39, -116, -1.129899, 1.000000
40, -110, -2.134636, 1.000000
41, -94, -1.238464, 1.000000
42, -105, -0.435252, 1.000000
43, -112, -1.095126, 1.000000
44, -111, -1.786057, 1.000000
45, -105, -2.133760, 1.000000
46, -6, 0.398373, 1.000000
47, -3, 1.202006, 1.000000
48, -8, 1.716441, 1.000000
49, -106, 0.723147, 1.000000
50, -98, 1.500535, 1.000000
51, -9, 2.168819, 1.000000
52, -111, 2.770142, 1.000000
53, -15, 3.478356, 1.000000
54, -111, 2.441464, 1.000000
55, -105, 1.469795, 1.000000
56, -16, 2.033595, 1.000000
57, -101, 1.033318, 1.000000
58, -119, 1.305477, 1.000000
59, -115, 0.177378, 1.000000
60, -95, -0.569271, 1.000000
61, -110, -1.305053, 1.000000
62, -10, -0.768740, 1.000000
63, -99, -1.750633, 1.000000
64, -108, -2.874648, 1.000000
65, -107, -3.884066, 1.000000
66, -116, -3.440219, 1.000000
67, -96, -2.514217, 1.000000
68, -113, -1.772825, 1.000000
69, -115, -2.440764, 1.000000
70, -8, -1.432777, 1.000000
71, -116, -0.711963, 1.000000
72, -100, -1.219861, 1.000000
73, -12, 1.032826, 1.000000
74, -10, 1.798499, 1.000000
75, -114, 1.029677, 1.000000
76, -120, 1.589104, 1.000000
77, -99, 1.262718, 1.000000
78, -115, 0.417008, 1.000000
79, -7, 1.177662, 1.000000
80, -8, 2.076612, 1.000000
81, -120, 1.013666, 1.000000
82, -110, 1.674619, 1.000000
83, -95, 1.312196, 1.000000
84, -10, 1.995047, 1.000000
85, -119, 1.005594, 1.000000
86, -111, 0.006200, 1.000000
87, -110, -0.671894, 1.000000
88, -119, -1.740527, 1.000000
89, -10, -1.269057, 1.000000
90, -100, -0.534727, 1.000000
91, -120, -1.664923, 1.000000
92, -115, -2.463191, 1.000000
93, -113, -1.818564, 1.000000
94, -117, -1.053183, 1.000000
95, -18, -0.360538, 1.000000
96, -115, -1.283327, 1.000000
97, -112, -1.839346, 1.000000
98, -97, -2.422432, 1.000000
99, -118, -1.621742, 1.000000
100, -126, -0.789630, 1.000000
101, -116, -1.407177, 1.000000
102, -99, -1.631955, 0.995000
103, -96, -1.576880, 0.990025
104, -119, -0.525198, 0.985075
105, -13, 0.497610, 0.980150
106, -108, 0.126067, 0.975249
107, -115, -0.339087, 0.970373
108, -94, -0.639204, 0.965521
109, -8, 1.965991, 0.960693
110, -15, 3.062693, 0.955890
111, -117, 2.255418, 0.951110
112, -100, 1.762430, 0.946355
113, -112, 1.103005, 0.941623
114, -96, 0.620609, 0.936915
115, -110, 1.453936, 0.932230
116, -117, 0.808547, 0.927569
117, -96, 0.503106, 0.922931
118, -116, 0.135029, 0.918316
119, -97, -0.265581, 0.913725
120, -112, -1.048126, 0.909156
121, -114, -1.718082, 0.904610
122, -109, -2.060134, 0.900087
123, -103, -2.238032, 0.895587
124, -115, -2.955081, 0.891109
125, -10, -0.490689, 0.886654
126, -95, -0.743248, 0.882220
127, -107, -1.313886, 0.877809
128, -5, -0.097256, 0.873420
129, -11, 2.255113, 0.869053
130, -106, 3.147923, 0.864708
131, -8, 3.971692, 0.860384
132, -108, 3.455851, 0.856082
133, -118, 2.623872, 0.851802
134, -8, 3.641709, 0.847543
135, -117, 2.737627, 0.843305
136, -109, 1.850717, 0.839089
137, -108, 1.290566, 0.834893
138, -109, 0.432627, 0.830719
139, -11, 1.263322, 0.826565
140, -8, 1.755243, 0.822432
141, -113, 0.575416, 0.818320
142, -120, -0.646156, 0.814229
143, -111, -1.609027, 0.810157
144, -15, -1.395580, 0.806107
145, 0, 0.556918, 0.802076
146, -9, 1.010408, 0.798066
147, -113, -0.339197, 0.794075
148, -111, -0.040721, 0.790105
149, -9, 1.784880, 0.786154
150, -109, 0.667425, 0.782224
151, -112, 1.064732, 0.778313
152, -13, 1.455753, 0.774421
153, -97, 0.345362, 0.770549
154, -98, 0.924914, 0.766696
155, -118, -0.370796, 0.762863
156, -9, 0.018743, 0.759048
157, -96, -0.959977, 0.755253
158, -100, -2.025594, 0.751477
159, -5, -0.199506, 0.747719
160, -7, 1.631406, 0.743981
161, -111, 0.317550, 0.740261
162, -109, -1.089608, 0.736560
163, -8, -0.924081, 0.732877
164, -109, -0.836430, 0.729212
165, -95, -0.175321, 0.725566
166, -107, 0.311734, 0.721939
167, -12, 0.659278, 0.718329
168, -118, -0.617672, 0.714737
169, -111, -0.170953, 0.711164
170, -110, -1.140082, 0.707608
171, -117, -2.266941, 0.704070
172, -12, -0.303383, 0.700549
173, -106, -1.028355, 0.697047
174, -116, -1.893616, 0.693561
175, -108, -2.938424, 0.690094
176, -112, -2.329890, 0.686643
177, -106, -2.854158, 0.683210
178, -108, -3.451202, 0.679794
179, -13, -1.175083, 0.676395
180, -114, -0.356845, 0.673013
181, -110, -0.964918, 0.669648
182, -109, -1.537515, 0.666300
183, -12, 0.869962, 0.662968
184, -109, 0.309304, 0.659653
185, -108, -0.024151, 0.656355
186, -107, -0.505410, 0.653073
187, -13, 1.854370, 0.649808
188, -8, 2.614303, 0.646559
189, -9, 3.299158, 0.643326
190, -11, 3.835796, 0.640109
191, -9, 4.123906, 0.636909
192, -6, 5.957108, 0.633724
193, -94, 5.037676, 0.630556
194, -95, 3.928975, 0.627403
195, -96, 2.898018, 0.624266
196, -112, 1.562145, 0.621145
197, -107, 0.391304, 0.618039
198, -9, 0.587666, 0.614949
199, -13, 2.080043, 0.611874
200, -110, 0.591414, 0.608815
201, -12, 0.567099, 0.605770
202, -12, 0.400038, 0.602742
203, -106, 0.275931, 0.599728
204, -16, 0.040441, 0.596729
205, -112, -1.687372, 0.593746
206, -12, -1.955920, 0.590777
207, -119, -2.409834, 0.587823
208, -19, -1.207010, 0.584884
209, -108, -1.284250, 0.581959
210, -10, 0.176947, 0.579050
211, -14, 1.606513, 0.576154
212, -109, 1.727253, 0.573274
213, -111, 0.591965, 0.570407
214, -10, 0.902197, 0.567555
215, -110, -0.355110, 0.564717
216, -17, -0.520073, 0.561894
217, -10, -0.642044, 0.559084
218, -10, 0.645906, 0.556289
219, -12, 1.838200, 0.553508
220, -112, 0.067296, 0.550740
221, -22, 1.133397, 0.547986
222, -111, 0.938868, 0.545246
223, -112, -0.614242, 0.542520
224, -14, 0.667393, 0.539808
225, -11, 0.466615, 0.537108
226, -9, 1.739931, 0.534423
227, -116, -0.213537, 0.531751
228, -110, -0.519939, 0.529092
229, -117, -2.186588, 0.526447
230, -8, -0.734470, 0.523814
231, -106, -0.750534, 0.521195
232, -7, -0.710153, 0.518589
233, -5, -0.823692, 0.515996
234, -103, -0.909326, 0.513416
235, -4, -1.016589, 0.510849
236, -7, 0.135851, 0.508295
237, -108, -0.056097, 0.505754
238, -7, 1.356216, 0.503225
239, -110, 1.262759, 0.500709
240, -6, 1.213807, 0.498205
241, -110, 0.946020, 0.495714
242, -7, 0.868007, 0.493236
243, -15, 0.505901, 0.490769
244, -122, 0.016021, 0.488316
245, -110, -0.105367, 0.485874
246, -12, 1.361931, 0.483445
247, -108, -0.219145, 0.481027
248, -13, -0.369102, 0.478622
249, -9, -0.706219, 0.476229
250, -9, 0.514498, 0.473848
251, -9, 0.171224, 0.471479
252, -110, -0.189203, 0.469121
253, -109, -0.342471, 0.466776
254, -8, -0.452300, 0.464442
255, -7, 0.880853, 0.462120
256, -108, 0.729532, 0.459809
257, -8, 0.560157, 0.457510
258, -108, 0.408586, 0.455222
259, -10, 0.186522, 0.452946
260, -7, 1.492769, 0.450682
261, -109, -0.297264, 0.448428
262, -9, 0.962773, 0.446186
263, -6, 2.150220, 0.443955
264, -109, 0.161233, 0.441735
265, -6, -0.198277, 0.439527
266, -8, 0.800980, 0.437329
267, -111, -1.186577, 0.435142
268, -113, -1.686873, 0.432967
269, -8, -0.473361, 0.430802
270, -8, 0.729867, 0.428648
271, -107, 0.509434, 0.426505
272, -9, 0.248467, 0.424372
273, -111, -1.605319, 0.422250
274, -110, -1.844859, 0.420139
275, -111, -1.922843, 0.418038
276, -118, -3.545604, 0.415948
277, -109, -3.445947, 0.413868
278, -110, -4.790109, 0.411799
279, -10, -3.150002, 0.409740
280, -10, -1.455736, 0.407691
281, -5, -1.311027, 0.405653
282, -112, -1.261720, 0.403625
283, -14, 0.387103, 0.401606
284, -3, 0.573819, 0.399598
285, -8, 2.163524, 0.397600
286, -12, 3.653919, 0.395612
287, -110, 2.132255, 0.393634
288, -12, 1.986863, 0.391666
289, -110, 1.942999, 0.389708
290, -10, 3.465411, 0.387759
291, -110, 2.010893, 0.385821
292, -7, 3.588122, 0.383891
293, -106, 2.128839, 0.381972
294, -11, 2.043039, 0.380062
295, -7, 1.843441, 0.378162
296, -8, 1.357982, 0.376271
297, -6, 0.875580, 0.374390
298, -109, -1.250776, 0.372518
299, -7, -0.331943, 0.370655
300, -111, -0.899576, 0.368802
301, -111, -1.248528, 0.366958
302, -119, -3.240140, 0.365123
303, -10, -2.106016, 0.363297
304, -8, -0.790303, 0.361481
305, -7, 0.481420, 0.359674
306, -116, 0.118728, 0.357875
307, -113, -1.586036, 0.356086
308, -6, -0.209184, 0.354305
309, -108, -1.857444, 0.352534
310, -108, -1.933656, 0.350771
311, -112, -3.481949, 0.349017
312, -12, -1.964909, 0.347272
313, -122, -3.586821, 0.345536
314, -110, -3.512649, 0.343808
315, -8, -1.763091, 0.342089
316, -108, -1.464298, 0.340379
317, -113, -1.056364, 0.338677
318, -111, -2.081427, 0.336983
319, -110, -1.475603, 0.335298
320, -106, -2.291972, 0.333622
321, -108, -3.157962, 0.331954
322, -11, -2.773284, 0.330294
323, -7, -0.761647, 0.328643
324, -117, -0.288649, 0.326999
325, -5, 1.965560, 0.325364
326, -113, 0.938099, 0.323738
327, -106, 0.057170, 0.322119
328, -95, 1.007343, 0.320508
329, -111, 0.254804, 0.318906
330, -108, -0.455504, 0.317311
331, -116, -1.330036, 0.315725
332, -108, -0.502293, 0.314146
333, -108, -1.271530, 0.312575
334, -110, -1.913043, 0.311012
335, -7, 0.542143, 0.309457
336, -110, -0.070288, 0.307910
337, -104, -0.671220, 0.306371
338, -106, -1.272653, 0.304839
339, -116, -2.009227, 0.303315
340, -107, -2.540164, 0.301798
341, -118, -3.268661, 0.300289
342, -112, -2.355296, 0.298788
343, -8, 0.256900, 0.297294
344, -8, 1.138962, 0.295807
345, -106, 2.217421, 0.294328
346, -9, 3.120796, 0.292856
347, -112, 2.517024, 0.291392
348, -112, 2.088953, 0.289935
349, -5, 2.968034, 0.288486
350, -8, 3.683096, 0.287043
351, -107, 2.723044, 0.285608
352, -113, 1.787313, 0.284180
353, -7, 2.369075, 0.282759
354, -102, 1.410326, 0.281345
355, -111, 1.933723, 0.279938
356, -113, 0.954115, 0.278539
357, -108, 0.135756, 0.277146
358, -10, 0.705319, 0.275760
359, -114, -0.507789, 0.274382
360, -112, -1.559407, 0.273010
361, -102, -2.641703, 0.271645
362, -6, -2.270323, 0.270286
363, -109, -1.880384, 0.268935
364, -111, -1.371974, 0.267590
365, -103, -2.151824, 0.266252
366, -101, -1.381761, 0.264921
367, -113, -2.253792, 0.263596
368, -109, -3.071093, 0.262278
369, -104, -2.127821, 0.260967
370, -9, 0.264713, 0.259662
371, -123, -0.522985, 0.258364
372, -111, -1.213369, 0.257072
373, -109, -0.203498, 0.255787
374, -110, -0.560740, 0.254508
375, -112, -1.076298, 0.253235
376, -115, -1.662795, 0.251969
377, -112, -2.133546, 0.250709
378, -108, -0.990132, 0.249456
379, -9, 0.084299, 0.248208
380, -11, 0.997113, 0.246967
381, -7, 1.962926, 0.245733
382, -122, 2.672573, 0.244504
383, -4, 3.614523, 0.243281
384, -119, 2.726841, 0.242065
385, -116, 2.025028, 0.240855
386, -110, 1.440638, 0.239650
387, -114, 0.634633, 0.238452
388, -6, 1.435945, 0.237260
389, -122, 0.502464, 0.236074
390, -116, 1.189636, 0.234893
391, -5, 1.825729, 0.233719
392, -109, 0.975183, 0.232550
393, -12, 1.546991, 0.231387
394, -112, 0.523640, 0.230230
395, -111, -0.507747, 0.229079
396, -116, -1.663696, 0.227934
397, -6, -1.202554, 0.226794
398, -105, -2.254303, 0.225660
399, -10, -0.387644, 0.224532
400, -103, 0.115300, 0.223409
401, -100, 0.859516, 0.222292
402, -101, -0.075291, 0.221181
403, -99, 0.853425, 0.220075
404, -97, 0.130133, 0.218974
405, -111, -0.767273, 0.217880
406, -111, -1.581651, 0.216790
407, -103, -2.345946, 0.215706
408, -8, -0.064549, 0.214628
409, -6, 0.407610, 0.213555
410, -110, -0.675124, 0.212487
411, -10, 1.412335, 0.211424
412, -110, 0.432283, 0.210367
413, -7, 2.451223, 0.209315
414, -116, 1.339810, 0.208269
415, -8, 1.797249, 0.207227
416, -112, 0.528233, 0.206191
417, -111, 0.997859, 0.205160
418, -112, 0.062853, 0.204135
419, -112, 0.632213, 0.203114
420, -111, -0.107851, 0.202098
421, -7, 0.698544, 0.201088
422, -114, -0.187979, 0.200082
423, -5, 0.554217, 0.199082
424, -111, -0.336203, 0.198087
425, -112, -1.446360, 0.197096
426, -112, -2.538308, 0.196111
427, -113, -3.528585, 0.195130
428, -108, -2.932496, 0.194154
429, -113, -2.230877, 0.193184
430, -6, -1.470913, 0.192218
431, -6, 0.702266, 0.191257
432, -113, -0.236158, 0.190300
433, -105, 0.560560, 0.189349
434, -113, -0.319452, 0.188402
435, -104, 0.635813, 0.187460
436, -114, -0.057257, 0.186523
437, -113, -0.714168, 0.185590
438, -108, -1.308710, 0.184662
439, -95, -1.718739, 0.183739
440, -12, -0.962510, 0.182820
441, -6, 1.374557, 0.181906
442, -10, 1.963181, 0.180997
443, -111, 2.682014, 0.180092
444, -113, 1.859156, 0.179191
445, -93, 1.291123, 0.178295
446, -110, 0.466283, 0.177404
447, -6, 1.103509, 0.176517
448, -108, 0.202432, 0.175634
449, -116, -0.906306, 0.174756
450, -96, -0.017084, 0.173882
451, -106, 0.854066, 0.173013
452, -104, 0.218436, 0.172148
453, -111, -0.409659, 0.171287
454, -13, 0.242668, 0.170431
455, -112, -0.523452, 0.169578
456, -11, 0.002535, 0.168731
457, -8, 0.442379, 0.167887
458, -13, 0.733510, 0.167047
459, -104, -0.215336, 0.166212
460, -116, -0.021202, 0.165381
461, -108, 0.549252, 0.164554
462, -102, 1.291869, 0.163731
463, -95, 0.678490, 0.162913
464, -113, -0.248215, 0.162098
465, -110, -0.812280, 0.161288
466, -9, -0.181280, 0.160481
467, -6, 1.994974, 0.159679
468, -8, 2.534228, 0.158881
469, -3, 2.846333, 0.158086
470, -113, 1.751732, 0.157296
471, -94, 0.788700, 0.156509
472, -22, 0.871103, 0.155727
473, -113, -0.577116, 0.154948
474, -112, -0.468234, 0.154173
475, -107, -1.704334, 0.153402
476, -119, -1.526466, 0.152635
477, -10, 0.425010, 0.151872
478, -6, 2.367110, 0.151113
479, -109, 1.376101, 0.150357
480, -107, 0.224741, 0.149606
481, -117, -0.939052, 0.148857
482, -110, -1.908608, 0.148113
483, -6, -1.265529, 0.147373
484, -6, -1.040714, 0.146636
485, -113, -2.453154, 0.145903
486, -110, -2.230058, 0.145173
487, -102, -1.684731, 0.144447
488, -110, -1.148425, 0.143725
489, -99, -0.235672, 0.143006
490, -111, -1.074102, 0.142291
491, -4, -0.078008, 0.141580
492, -8, 1.844104, 0.140872
493, -9, 2.303380, 0.140168
494, -112, 1.151469, 0.139467
495, -118, -0.003598, 0.138769
496, -112, -1.248079, 0.138076
497, -116, -0.840839, 0.137385
498, -5, 1.375284, 0.136698
499, -120, 0.326676, 0.136015
500, -117, -0.638948, 0.135335
501, -11, -0.223221, 0.134658
502, -113, -1.325948, 0.133985
503, -113, -0.764924, 0.133315
504, -118, -0.123329, 0.132648
505, -10, 0.544081, 0.131985
506, -114, -0.389204, 0.131325
507, -8, 0.336088, 0.130668
508, -107, -0.635244, 0.130015
509, -14, -0.108539, 0.129365
510, -122, -1.438953, 0.128718
511, -112, -0.917527, 0.128075
512, -112, -0.311585, 0.127434
513, -111, 0.459095, 0.126797
514, -11, 1.191126, 0.126163
515, -113, 0.221328, 0.125532
516, -117, -0.727343, 0.124905
517, -6, -0.141914, 0.124280
518, -125, 0.320004, 0.123659
519, -6, 0.855997, 0.123040
520, -6, 1.274165, 0.122425
521, -9, 3.149905, 0.121813
522, -11, 3.381076, 0.121204
523, -101, 2.187827, 0.120598
524, -92, 1.006821, 0.119995
525, -91, 1.514603, 0.119395
526, -94, 0.456486, 0.118798
527, -119, 0.688241, 0.118204
528, -95, -0.141705, 0.117613
529, -94, 0.496554, 0.117025
530, -94, -0.442935, 0.116440
531, -95, -1.279035, 0.115858
532, -121, -2.528307, 0.115278
533, -116, -3.665246, 0.114702
534, -102, -3.010443, 0.114128
535, -95, -3.721890, 0.113558
536, -97, -4.567823, 0.112990
537, -94, -3.634175, 0.112425
538, -97, -4.498417, 0.111863
539, -112, -3.751794, 0.111304
540, -116, -2.890458, 0.110747
541, -111, -1.846832, 0.110193
542, -96, -0.468719, 0.109642
543, -116, -0.664711, 0.109094
544, -18, 0.704527, 0.108549
545, -115, 0.594140, 0.108006
546, -20, 1.828385, 0.107466
547, -97, 1.454960, 0.106929
548, -118, 1.122072, 0.106394
549, -18, 2.262868, 0.105862
550, -16, 3.325671, 0.105333
551, -16, 4.267608, 0.104806
552, -94, 3.546897, 0.104282
553, -95, 2.859051, 0.103761
554, -97, 2.325622, 0.103242
555, -95, 1.942230, 0.102726
556, -94, 1.536487, 0.102212
557, -94, 1.174806, 0.101701
558, -94, 0.772345, 0.101192
559, -95, 0.100241, 0.100686
560, -94, -0.650046, 0.100183
561, -95, -1.354639, 0.099682
562, -94, -1.845056, 0.099184
563, -118, -3.002457, 0.098688
564, -94, -2.262706, 0.098194
565, -4, -1.647334, 0.097703
566, -117, -1.311801, 0.097215
567, -94, -1.719987, 0.096729
568, -94, -2.467388, 0.096245
569, -96, -1.701948, 0.095764
570, -95, -0.770082, 0.095285
571, -95, 0.279965, 0.094809
572, -101, 0.131064, 0.094335
573, -120, -0.289242, 0.093863
574, -122, -0.741273, 0.093394
575, -94, -0.717254, 0.092927
576, -95, -0.693121, 0.092462
577, -16, 0.458127, 0.092000
578, -94, 0.382652, 0.091540
579, -94, 0.283539, 0.091082
580, -100, 0.104759, 0.090627
581, -95, 0.002349, 0.090173
582, -121, -0.455768, 0.089723
583, -94, -0.863810, 0.089274
584, -118, -1.279968, 0.088828
585, -98, 0.048225, 0.088383
586, -118, -0.542378, 0.087942
587, -97, -0.470935, 0.087502
588, -123, -0.774304, 0.087064
589, -97, -0.683179, 0.086629
590, -94, -0.539012, 0.086196
591, -96, -0.434318, 0.085765
592, -96, -0.405437, 0.085336
593, -94, -0.656006, 0.084909
594, -95, -0.989351, 0.084485
595, -102, -1.029896, 0.084062
596, -122, -1.355389, 0.083642
597, -103, -0.119345, 0.083224
598, -96, 0.100571, 0.082808
599, -23, 1.365693, 0.082394
600, -94, 1.413786, 0.081982
601, -95, 1.518939, 0.081572
602, -95, 1.225292, 0.081164
603, -127, 0.864111, 0.080758
604, -100, 0.555768, 0.080354
605, -13, 1.773372, 0.079953
606, -95, 1.386372, 0.079553
607, -94, 1.308099, 0.079155
608, -113, 0.535839, 0.078759
609, -95, 0.426487, 0.078366
610, -121, -0.011213, 0.077974
611, -102, -0.175327, 0.077584
612, -95, -0.224369, 0.077196
613, -101, -0.334453, 0.076810
614, -99, -0.410372, 0.076426
615, -110, -0.760999, 0.076044
616, -3, 0.115903, 0.075664
617, -99, -0.246743, 0.075285
618, -97, -0.494562, 0.074909
619, -119, 0.101957, 0.074534
620, -116, -0.242578, 0.074162
621, -95, -0.267635, 0.073791
622, -107, -0.454571, 0.073422
623, -123, -1.361929, 0.073055
624, -94, -1.439250, 0.072689
625, -93, -0.133000, 0.072326
626, -6, 1.242590, 0.071964
627, -94, 1.247779, 0.071605
628, -95, 0.935304, 0.071247
629, -94, 0.897012, 0.070890
630, -94, 0.443053, 0.070536
631, -94, 0.255901, 0.070183
632, -94, 0.164103, 0.069832
633, -94, -0.025753, 0.069483
634, -95, -0.194431, 0.069136
635, -95, -0.561577, 0.068790
636, -122, 0.355485, 0.068446
637, -18, 1.424891, 0.068104
638, -100, 1.230333, 0.067763
639, -96, 0.764161, 0.067424
640, -119, -0.027488, 0.067087
641, -98, -0.191331, 0.066752
642, -99, -0.547450, 0.066418
643, -98, -1.164503, 0.066086
644, -98, -1.359744, 0.065756
645, -98, -1.525360, 0.065427
646, -98, -0.319726, 0.065100
647, -95, -0.305247, 0.064774
648, -96, -0.331810, 0.064450
649, -97, -0.355616, 0.064128
650, -96, -0.355990, 0.063807
651, -94, -0.330134, 0.063488
652, -99, -0.376823, 0.063171
653, -121, -0.719897, 0.062855
654, -112, -0.911499, 0.062541
655, -95, -0.838772, 0.062228
656, -120, -1.545555, 0.061917
657, -94, -0.252488, 0.061607
658, -94, -0.137356, 0.061299
659, -95, 0.034915, 0.060993
660, -94, -0.149136, 0.060688
661, -95, -0.055406, 0.060384
662, -94, 0.029890, 0.060083
663, -95, 0.107208, 0.059782
664, -94, 0.187681, 0.059483
665, -95, 0.258170, 0.059186
666, -94, 0.326726, 0.058890
667, -95, 0.440543, 0.058595
668, -94, 0.535239, 0.058302
669, -94, 0.610911, 0.058011
670, -94, 0.718848, 0.057721
671, -115, 0.544046, 0.057432
672, -94, 0.614271, 0.057145
673, -94, 0.338872, 0.056859
674, -94, 0.150430, 0.056575
675, -94, 0.215048, 0.056292
676, -95, -0.124423, 0.056011
677, -96, -0.122879, 0.055731
678, -102, -0.202583, 0.055452
679, -102, -0.272823, 0.055175
680, -92, -0.172922, 0.054899
681, -102, -0.239332, 0.054624
682, -93, -0.151863, 0.054351
683, -118, -0.432646, 0.054080
684, -93, -0.315969, 0.053809
685, -4, 1.055960, 0.053540
686, -12, 2.185930, 0.053272
687, -94, 2.014387, 0.053006
688, -110, 1.622349, 0.052741
689, -106, 1.323451, 0.052477
690, -100, 1.136794, 0.052215
691, -101, 0.607326, 0.051954
692, -94, 0.484585, 0.051694
693, -94, 0.360901, 0.051436
694, -95, 0.214177, 0.051178
695, -94, 0.083233, 0.050923
696, -96, -0.082001, 0.050668
697, -10, 0.961518, 0.050415
698, -95, 0.572229, 0.050163
699, -94, 0.180454, 0.049912
700, -94, -0.053353, 0.049662
701, -120, -0.823689, 0.049414
702, -94, -1.055232, 0.049167
703, -94, -1.678166, 0.048921
704, -95, -1.955727, 0.048676
705, -98, -0.866876, 0.048433
706, -95, 0.279002, 0.048191
707, -94, 0.256709, 0.047950
708, -121, -0.397446, 0.047710
709, -95, -0.584761, 0.047472
710, -12, 0.485215, 0.047234
711, -95, 0.222524, 0.046998
712, -94, 0.064422, 0.046763
713, -94, -0.092977, 0.046529
714, -95, -0.270769, 0.046297
715, -95, -0.441501, 0.046065
716, -94, -0.634626, 0.045835
717, -95, 0.530197, 0.045606
718, -94, 0.494196, 0.045378
719, -94, 0.464017, 0.045151
720, -95, 0.431204, 0.044925
721, -95, -0.019042, 0.044700
722, -94, -0.088150, 0.044477
723, -95, -0.161331, 0.044254
724, -95, -0.255298, 0.044033
725, -95, -0.382384, 0.043813
726, -94, -0.462189, 0.043594
727, -95, -0.548708, 0.043376
728, -95, -1.049771, 0.043159
729, -95, -1.179166, 0.042943
730, -95, -0.003251, 0.042729
731, -94, -0.004121, 0.042515
732, -94, 0.000348, 0.042302
733, -121, -0.377882, 0.042091
734, -95, -0.338484, 0.041880
735, -94, -0.301596, 0.041671
736, -119, -0.605586, 0.041463
737, -95, -0.539473, 0.041255
738, -95, -0.457299, 0.041049
739, -95, -0.374236, 0.040844
740, -95, -0.297878, 0.040640
741, -95, -0.237016, 0.040436
742, -95, -0.153165, 0.040234
743, -95, -0.075547, 0.040033
744, -94, 0.002481, 0.039833
745, -94, 0.089155, 0.039634
746, -95, 0.167407, 0.039435
747, -94, 0.242460, 0.039238
748, -103, 0.202772, 0.039042
749, -16, 1.408709, 0.038847
750, -95, 1.373405, 0.038653
751, -95, 1.339810, 0.038459
752, -94, 1.319057, 0.038267
753, -95, 0.871198, 0.038076
754, -94, 0.806952, 0.037885
755, -118, 0.399858, 0.037696
756, -102, -0.122598, 0.037507
757, -94, -0.187749, 0.037320
758, -94, -0.243182, 0.037133
759, -94, -0.299571, 0.036948
760, -94, -0.351142, 0.036763
761, -119, -0.763993, 0.036579
762, -103, -0.909174, 0.036396
763, -94, -0.916733, 0.036214
764, -94, -0.924115, 0.036033
765, -94, -0.921356, 0.035853
766, -94, -0.937163, 0.035674
767, -94, -0.944824, 0.035495
768, -94, -1.085635, 0.035318
769, -94, 0.131012, 0.035141
770, -94, 0.224961, 0.034966
771, -94, 0.317859, 0.034791
772, -94, 0.419192, 0.034617
773, -94, 0.511020, 0.034444
774, -122, 0.209277, 0.034272
775, -94, -0.028768, 0.034100
776, -94, -0.047712, 0.033930
777, -94, 0.042683, 0.033760
778, -94, 0.134451, 0.033591
779, -95, 0.219704, 0.033423
780, -95, 0.300437, 0.033256
781, -94, 0.006900, 0.033090
782, -94, -0.072036, 0.032924
783, -94, -0.024605, 0.032760
784, -94, 0.019156, 0.032596
785, -94, 0.067097, 0.032433
786, -94, 0.109081, 0.032271
787, -94, 0.151748, 0.032109
788, -14, 1.332174, 0.031949
789, -96, 1.231854, 0.031789
790, -99, 1.085427, 0.031630
791, -121, 0.631456, 0.031472
792, -99, 0.544525, 0.031315
793, -102, 0.415906, 0.031158
794, -116, -0.340435, 0.031002
795, -95, -0.375195, 0.030847
796, -95, -0.395335, 0.030693
797, -95, -0.417173, 0.030540
798, -15, 0.702267, 0.030387
799, -96, 0.537754, 0.030235
800, -96, 0.363184, 0.030084
801, -125, -0.204210, 0.029933
802, -95, -0.299399, 0.029784
803, -103, -0.506379, 0.029635
804, -100, -0.656718, 0.029487
805, -96, -0.740562, 0.029339
806, -123, -1.213632, 0.029193
807, -96, -1.248770, 0.029047
808, -94, -0.001663, 0.028901
809, -94, 0.078420, 0.028757
810, -95, 0.097745, 0.028613
811, -94, -0.238268, 0.028470
812, -94, -0.250768, 0.028328
813, -94, -0.318000, 0.028186
814, -94, -0.611321, 0.028045
815, -94, -0.622504, 0.027905
816, -94, -0.615590, 0.027765
817, -95, -0.630596, 0.027626
818, -94, 0.625428, 0.027488
819, -129, 0.226457, 0.027351
820, -94, 0.377846, 0.027214
821, -95, 0.059305, 0.027078
822, -94, 0.170174, 0.026943
823, -94, 0.155771, 0.026808
824, -95, 0.171448, 0.026674
825, -121, -0.144303, 0.026541
826, -94, -0.457193, 0.026408
827, -101, -0.480759, 0.026276
828, -120, -0.739245, 0.026144
829, -121, -0.982238, 0.026014
830, -117, -1.132606, 0.025884
831, -115, -1.219474, 0.025754
832, -123, -1.380816, 0.025625
833, -123, -1.494076, 0.025497
834, -116, -1.471356, 0.025370
835, -95, -1.109488, 0.025243
836, -94, -0.731599, 0.025117
837, -94, -0.369872, 0.024991
838, -94, -0.003711, 0.024866
839, -94, -0.181390, 0.024742
840, -94, 0.140526, 0.024618
841, -94, 0.452829, 0.024495
842, -94, 0.766444, 0.024373
843, -95, 1.073975, 0.024251
844, -94, 1.381788, 0.024130
845, -95, 1.255667, 0.024009
846, -94, 1.536661, 0.023889
847, -94, 1.703710, 0.023769
848, -95, 1.564123, 0.023651
849, -94, 1.369859, 0.023532
850, -94, 1.198923, 0.023415
851, -94, 1.017202, 0.023298
852, -94, 0.689363, 0.023181
853, -95, 0.310657, 0.023065
854, -94, -0.000714, 0.022950
855, -103, -0.132986, 0.022835
856, -94, -0.121958, 0.022721
857, -95, -0.111471, 0.022607
858, -96, -0.127494, 0.022494
859, -98, -0.154088, 0.022382
860, -94, -0.127277, 0.022270
861, -94, -0.097177, 0.022159
862, -94, -0.070748, 0.022048
863, -94, -0.053760, 0.021938
864, -94, -0.033698, 0.021828
865, -95, -0.028345, 0.021719
866, -95, -0.017306, 0.021610
867, -95, 0.003150, 0.021502
868, -94, 0.021972, 0.021395
869, -96, 0.020619, 0.021288
870, -95, 0.047501, 0.021181
871, -108, -0.123977, 0.021075
872, -118, -0.405389, 0.020970
873, -94, -0.327284, 0.020865
874, -95, -0.251138, 0.020761
875, -95, -0.312235, 0.020657
876, -94, -0.241498, 0.020554
877, -94, -0.174056, 0.020451
878, -94, -0.133265, 0.020349
879, -94, -0.118121, 0.020247
880, -94, -0.049078, 0.020146
881, -94, 0.021394, 0.020045
882, -94, 0.087985, 0.019945
883, -100, 0.075066, 0.019845
884, -94, 0.148791, 0.019746
885, -94, 0.210480, 0.019647
886, -102, 0.153528, 0.019549
887, -94, 0.232076, 0.019451
888, -94, 0.307870, 0.019354
889, -94, 0.359042, 0.019257
890, -94, 0.429028, 0.019161
891, -94, 0.286585, 0.019065
892, -94, -0.027757, 0.018970
893, -95, -0.011153, 0.018875
894, -94, -0.001231, 0.018780
895, -102, -0.102626, 0.018686
896, -94, -0.072781, 0.018593
897, -94, -0.042996, 0.018500
898, -94, -0.008392, 0.018408
899, -94, 0.023181, 0.018315
900, -94, 0.058388, 0.018224
901, -95, 0.082197, 0.018133
902, -96, 0.087297, 0.018042
903, -95, 0.026028, 0.017952
904, -100, -0.024733, 0.017862
905, -94, 0.007196, 0.017773
906, -123, -0.494529, 0.017684
907, -123, -0.826943, 0.017596
908, -122, -1.110728, 0.017508
909, -123, -1.362764, 0.017420
910, -118, -1.503441, 0.017333
911, -100, -1.360468, 0.017246
912, -97, -1.157193, 0.017160
913, -94, -0.916637, 0.017074
914, -94, -0.665748, 0.016989
915, -14, 0.596416, 0.016904
916, -94, 0.713700, 0.016819
917, -94, 0.827037, 0.016735
918, -94, 0.939319, 0.016652
919, -94, 1.058131, 0.016568
920, -94, 1.171179, 0.016486
921, -94, 1.273338, 0.016403
922, -118, 1.015176, 0.016321
923, -121, 0.760132, 0.016239
924, -94, 0.852397, 0.016158
925, -94, 1.020979, 0.016078
926, -94, 0.738030, 0.015997
927, -94, 0.424416, 0.015917
928, -95, 0.067846, 0.015838
929, -95, -0.340724, 0.015758
930, -121, -1.087315, 0.015680
931, -95, -1.181519, 0.015601
932, -95, -1.228590, 0.015523
933, -95, -1.239461, 0.015446
934, -96, -1.256971, 0.015368
935, -97, -0.032131, 0.015291
936, -114, -0.188231, 0.015215
937, -96, -0.048587, 0.015139
938, -95, 0.097614, 0.015063
939, -97, 0.218106, 0.014988
940, -95, 0.366834, 0.014913
941, -92, 0.563529, 0.014838
942, -99, 0.280168, 0.014764
943, -96, -0.032917, 0.014690
944, -98, 0.011051, 0.014617
945, -116, -0.209292, 0.014544
946, -104, -0.216967, 0.014471
947, -123, -0.473487, 0.014399
948, -123, -0.700545, 0.014327
949, -123, -0.880902, 0.014255
950, -96, -1.051186, 0.014184
951, -98, -0.869741, 0.014113
952, -97, -0.670850, 0.014042
953, -94, -0.438907, 0.013972
954, -94, -0.215424, 0.013902
955, -94, -0.013473, 0.013833
956, -95, -0.095494, 0.013764
957, -94, 0.097116, 0.013695
958, -94, 0.298241, 0.013626
959, -94, 0.459472, 0.013558
960, -94, 0.653590, 0.013490
961, -94, 0.891160, 0.013423
962, -94, 1.014829, 0.013356
963, -94, 1.188354, 0.013289
964, -95, 1.313325, 0.013223
965, -101, 1.059833, 0.013157
966, -98, 1.012164, 0.013091
967, -117, 0.389382, 0.013025
968, -95, 0.079101, 0.012960
969, -98, -0.311155, 0.012895
970, -96, -0.301963, 0.012831
971, -96, -0.309754, 0.012767
972, -96, -0.308552, 0.012703
973, -93, -0.226096, 0.012639
974, -93, -0.144390, 0.012576
975, -95, -0.096083, 0.012513
976, -95, -0.055484, 0.012451
977, -91, 0.060241, 0.012389
978, -95, 0.110468, 0.012327
979, -98, 0.115792, 0.012265
980, -116, -0.124303, 0.012204
981, -115, -0.318720, 0.012143
982, -126, -0.640792, 0.012082
983, -95, -0.469772, 0.012021
984, -95, -0.317375, 0.011961
985, -96, -0.266269, 0.011902
986, -94, -0.156263, 0.011842
987, -94, -0.353936, 0.011783
988, -94, -0.228720, 0.011724
989, -94, -0.153920, 0.011665
990, -94, -0.063108, 0.011607
991, -94, 0.039133, 0.011549
992, -94, 0.136432, 0.011491
993, -94, 0.278834, 0.011434
994, -93, 0.428552, 0.011377
995, -94, 0.537902, 0.011320
996, -94, 0.639382, 0.011263
997, -94, 0.810039, 0.011207
998, -94, 0.915034, 0.011151
999, -94, 0.969016, 0.011095
0, -110, nan, 1.000000
1, -18, 92.594681, 1.000000
2, -112, -0.648908, 1.000000
3, -100, -6.206363, 1.000000
4, -4, 13.036830, 1.000000
5, -115, 0.835143, 1.000000
6, -111, -3.211236, 1.000000
7, -95, -3.275076, 1.000000
8, -98, -3.254298, 1.000000
9, -115, -4.009002, 1.000000
10, -94, -3.306100, 1.000000
11, -114, -3.525777, 1.000000
12, -112, -3.478286, 1.000000
13, -11, -0.462103, 1.000000
14, -10, 1.523566, 1.000000
15, -10, 2.830824, 1.000000
16, -114, 1.639849, 1.000000
17, -12, 2.559179, 1.000000
18, -115, 1.545723, 1.000000
19, -6, 2.341180, 1.000000
20, -113, 1.207500, 1.000000
21, -110, 1.579581, 1.000000
22, -12, 2.009245, 1.000000
23, -109, 1.086081, 1.000000
24, -6, 3.164220, 1.000000
25, -109, 2.018713, 1.000000
26, -110, 0.912640, 1.000000
27, -101, 0.187228, 1.000000
28, -97, -0.512228, 1.000000
29, -115, -1.751531, 1.000000
30, -11, -1.172858, 1.000000
31, -112, -2.473174, 1.000000
32, -107, -3.670238, 1.000000
33, -101, -3.191193, 1.000000
34, -117, -2.800524, 1.000000
35, -110, -2.137714, 1.000000
36, -114, -3.027035, 1.000000
37, -99, -2.101338, 1.000000
38, -103, -2.725296, 1.000000
39, -18, -0.430911, 1.000000
40, -12, 0.285642, 1.000000
41, -113, -0.550212, 1.000000
42, -116, 0.128593, 1.000000
43, -111, -0.501292, 1.000000
44, -12, 1.907319, 1.000000
45, -119, 1.177902, 1.000000
46, -7, 2.051260, 1.000000
47, -10, 2.867398, 1.000000
48, -117, 2.071372, 1.000000
49, -101, 1.240847, 1.000000
50, -114, 1.849788, 1.000000
51, -114, 1.026855, 1.000000
52, -10, 1.769483, 1.000000
53, -5, 2.535244, 1.000000
54, -96, 1.603300, 1.000000
55, -113, 0.521766, 1.000000
56, -7, 0.875871, 1.000000
57, -10, 1.264533, 1.000000
58, -95, 0.252276, 1.000000
59, -96, 0.559172, 1.000000
60, -99, 1.032079, 1.000000
61, -114, -0.179490, 1.000000
62, -10, 0.051718, 1.000000
63, -110, -1.226732, 1.000000
64, -11, 0.464237, 1.000000
65, -102, -0.817913, 1.000000
66, -117, -0.573831, 1.000000
67, -114, -0.171703, 1.000000
68, -93, -1.012290, 1.000000
69, -109, -1.864278, 1.000000
70, -14, -1.556186, 1.000000
71, -7, -1.285575, 1.000000
72, -11, 0.397510, 1.000000
73, -108, 0.778932, 1.000000
74, -118, -0.270227, 1.000000
